Category,Tool_Name,Primary_Purpose,Type,Cost_Model,Key_Features,Best_For,Website
Literature Management,Zotero,Citation management and bibliography,Open Source,Free,"Plugins, collaboration, browser integration, PDF annotation","Academic writing, Citation management, Open source preference",zotero.org
Literature Management,Mendeley,Reference management with annotation,Commercial,Free/Paid,"PDF annotation, team libraries, social features, iOS app","Individual researchers, Team projects, Cross-platform",mendeley.com
Literature Management,EndNote,Professional citation management,Commercial,Paid,"Thousands of citation styles, institutional support, journal submission integration","Large research groups, Institutional use, Advanced features",endnote.com
Literature Management,RefWorks,Collaborative reference management,Commercial,Paid,"Real-time collaboration, institutional integration, mobile app","Team-based research, Institutional adoption",refworks.com
Qualitative Analysis,NVivo,Comprehensive qualitative data analysis,Commercial,Paid,"Coding, visualization, mixed methods, AI-assisted analysis, team work","Full qualitative projects, Complex analysis, Team collaboration",qsrinternational.com/nvivo
Qualitative Analysis,Atlas.ti,Qualitative data management and analysis,Commercial,Paid,"Visual networks, semantic analysis, cloud-based, strong for theory building","Theory development, Visual thinking, European institutions",atlasti.com
Qualitative Analysis,MaxQDA,CAQDAS for qualitative research,Commercial,Paid,"Mixed methods focus, good integration, visualization tools","Mixed methods, Integration with quantitative tools",maxqda.com
Qualitative Analysis,Dedoose,Cloud-based qualitative analysis,Commercial,Paid,"Real-time collaboration, media-rich analysis, analytics dashboard","Team projects, Distributed teams, Multimodal data",dedoose.com
Quantitative Analysis,R,Statistical computing and graphics,Open Source,Free,"Extensive packages, reproducible research, visualization, active community","Statistical analysis, Data visualization, Research computing",r-project.org
Quantitative Analysis,Python,Programming for data science,Open Source,Free,"Versatile, machine learning libraries, data science ecosystem","Data science, Machine learning, General computing",python.org
Quantitative Analysis,SPSS,Statistical analysis software,Commercial,Paid,"User-friendly GUI, widespread academic use, comprehensive tutorials","User-friendly analysis, Social sciences, Psychology",ibm.com/spss
Quantitative Analysis,Stata,Data analysis and statistical software,Commercial,Paid,"Econometrics focus, time series, reproducible workflows","Econometrics, Panel data, Policy research",stata.com
Quantitative Analysis,MATLAB,Numerical computing environment,Commercial,Paid,"Matrix operations, simulation, signal processing, engineering focus","Engineering, Numerical analysis, Simulation",mathworks.com
Survey & Data Collection,Qualtrics,Enterprise survey platform,Commercial,Paid,"Advanced logic, complex surveys, data analysis integration, enterprise support","Large-scale surveys, Complex branching, Enterprise deployment",qualtrics.com
Survey & Data Collection,Google Forms,Simple survey creation,Free,Free,"Easy to use, real-time responses, integration with Sheets, free","Simple surveys, Quick deployment, Budget-conscious",google.com/forms
Survey & Data Collection,REDCap,Secure data capture for research,Open Source,Free,"HIPAA compliant, audit logs, longitudinal data, secure","Biomedical research, Clinical trials, Secure data capture",project-redcap.org
Survey & Data Collection,KoBoToolbox,Open source data collection,Open Source,Free,"Mobile data collection, offline capability, flexible design","Field research, Developing countries, Humanitarian focus",kobotoolbox.org
Data Visualization,Tableau,Business intelligence and visualization,Commercial,Paid,"Interactive dashboards, scalable, enterprise support, wide data source support","Business analytics, Interactive reporting, Enterprise use",tableau.com
Data Visualization,Power BI,Microsoft data visualization,Commercial,Paid,"Excel integration, real-time dashboards, Microsoft ecosystem, collaboration","Microsoft shops, Excel-heavy workflows, Office 365 users",microsoft.com/power-bi
Data Visualization,Plotly,Interactive visualization library,Open Source,Free,"Interactive charts, web-based, multiple languages, open source","Custom interactive visualizations, Web-based dashboards, Research",plotly.com
Data Visualization,ggplot2,R visualization package,Open Source,Free,"Beautiful plots, grammar of graphics, extensive customization","Publication-quality graphics, Research visualization, R users",ggplot2.tidyverse.org
Data Visualization,D3.js,JavaScript visualization library,Open Source,Free,"Maximum flexibility, web-based, learning curve, powerful","Custom interactive visualizations, Web applications, Exploratory design",d3js.org
Writing & Collaboration,Overleaf,LaTeX collaborative editor,Commercial,Free/Paid,"Real-time collaboration, templates, version history, web-based","Academic writing, Equations, Collaborative LaTeX",overleaf.com
Writing & Collaboration,Google Docs,Cloud-based document editing,Free,Free,"Real-time collaboration, comments, sharing, simple","Quick collaborative writing, Comments and feedback, Accessibility",google.com/docs
Writing & Collaboration,Microsoft 365,Office suite with collaboration,Commercial,Paid,"Familiar interface, OneDrive integration, Teams collaboration, full features","Institutional use, Complex documents, Enterprise",microsoft.com/365
Writing & Collaboration,Notion,All-in-one workspace,Commercial,Free/Paid,"Database features, templates, cross-device, knowledge management","Project organization, Knowledge base, Academic notes",notion.so
Writing & Collaboration,Obsidian,Knowledge management system,Commercial,Free/Paid,"Local-first, markdown-based, knowledge graphs, plugins, privacy","Personal knowledge management, Note-taking, Privacy-focused",obsidian.md
Reference Search,Google Scholar,Academic literature search,Free,Free,"Broad coverage, citation metrics, free, accessible","Quick literature search, Citation tracking, Accessible",scholar.google.com
Reference Search,PubMed,Biomedical literature database,Free,Free,"Life sciences focus, MeSH indexing, free full texts available","Biomedical research, Life sciences, Clinical research",pubmed.ncbi.nlm.nih.gov
Reference Search,Web of Science,Citation tracking and analysis,Commercial,Institutional,"Citation tracking, impact metrics, multidisciplinary, research analytics","Citation analysis, Research evaluation, Institutional access",clarivate.com/webofscience
Reference Search,Scopus,Abstract and citation database,Commercial,Institutional,"Broad coverage, citation metrics, metrics and analytics, multidisciplinary","Research evaluation, Citation metrics, Institutional access",scopus.com
Reference Search,JSTOR,Digital library of academic journals,Commercial,Institutional,"Historical archives, multidisciplinary, institutional access","Humanities, Social sciences, Institutional access",jstor.org
Project Management,Asana,Project and task management,Commercial,Free/Paid,"Task management, timelines, portfolios, team communication","Research projects, Team coordination, Milestone tracking",asana.com
Project Management,Monday.com,Work OS platform,Commercial,Paid,"Flexible workflows, customizable, team collaboration, reporting","Flexible project tracking, Team workflows, Custom tracking",monday.com
Project Management,Todoist,Task management application,Commercial,Free/Paid,"Simple task lists, recurring tasks, integration, personal productivity","Individual task management, Personal productivity, Simple workflows",todoist.com
Project Management,Trello,Kanban-style task boards,Commercial,Free/Paid,"Visual boards, card-based, simple, integration ecosystem","Visual task tracking, Kanban workflows, Team collaboration",trello.com
