Methodology_ID,Methodology_Type,Description,Design_Approach,Data_Type,Analysis_Approach,Sample_Considerations,Key_Strengths,Key_Challenges,Best_For,Recommended_Tools
M001,Quantitative Research,Numerical data analysis using statistics and mathematics,Deductive; hypothesis-testing,Numerical; structured data,Statistical analysis; patterns; relationships,Large samples; representative sampling,Objective; measurable; generalizable; replicable,Standardization; response rates; causality claims,Hypothesis testing; large-scale studies; statistical patterns,SPSS; R; Python; Stata
M002,Qualitative Research,In-depth exploration through text and observations,Inductive; exploratory; emergent,Text; observations; narratives,Thematic analysis; coding; interpretation,Small purposive samples; information-rich cases,Rich description; context; deeper understanding; emergent theory,Generalization; consistency; subjectivity concerns,Context understanding; exploratory studies; meaning-making,NVivo; Atlas.ti; MaxQDA
M003,Mixed Methods,Integration of quantitative and qualitative approaches,Both deductive and inductive; triangulation,Both numerical and textual,Combined statistical and thematic analysis,Depends on design; often larger qual samples within quant,Triangulation; comprehensive understanding; validation,Complexity; data integration; resource intensity,Complex questions; validation; multiple perspectives,Multiple tools; both CAQDAS and statistical software
M004,Experimental Design,Controlled manipulation of variables with comparison groups,Highly controlled; random assignment,Typically quantitative; experimental measurements,Statistical comparison of groups,Sample size calculation; randomization; control groups,Establishes causality; internal validity; control,External validity; ethical constraints; artificial settings,Causal relationships; lab studies; intervention testing,Statistical software; experiment management tools
M005,Quasi-Experimental,Manipulation of variables without random assignment,Controlled but non-random assignment,Typically quantitative; quasi-experimental measures,Statistical comparison with non-equivalent groups,Matching or stratification; careful selection,Practical; more ethical than true experimental; feasible,Internal validity threats; selection bias; lower certainty,Real-world interventions; practical implementation,Statistical software; matching algorithms
M006,Longitudinal Study,Repeated observations of same subjects over time,Prospective tracking; multiple time points,Quantitative or qualitative; repeated measures,Time series analysis; growth curve modeling; qualitative tracking,Attrition management; follow-up rates critical,Tracks change; causality stronger than cross-sectional,Attrition; practice effects; cost; long duration,Tracking change; developmental patterns; causality,Longitudinal analysis tools; data management systems
M007,Case Study,In-depth investigation of specific context or individual,Exploratory; descriptive; embedded designs,Multiple data sources; mixed methods often used,Within-case; cross-case; thematic analysis,Small sample; bounded case selection,Context; holistic understanding; real-world; rich data,Generalization limited to case; time-intensive,Detailed understanding; unique cases; bounded phenomena,Qualitative analysis software; document management
M008,Ethnography,Immersive observation in natural settings,Participant observation; immersion; reflexivity,Observational; interview; artifact data; very qualitative,Thematic analysis; narrative analysis; constant comparison,Prolonged engagement; participant selection flexible,Cultural understanding; authentic context; behavioral insight,Highly subjective; time-intensive; limited generalization,Cultural understanding; behavioral patterns; authentic context,Field note tools; qualitative software; video/photo tools
M009,Grounded Theory,Inductive theory development directly from data,Iterative; constant comparison; memo-writing,Qualitative; interview or observational,Open coding; axial coding; selective coding; iterative,Sample size emerges; theoretical saturation guide,Theory emerges from data; systematic; rigorous,Demanding; steep learning curve; can be slow,Theory building; exploratory; understanding mechanisms,Qualitative software with coding support; memo tools
M010,Action Research,Cyclical improvement through planning-acting-observing-reflecting,Participatory; iterative cycles; collaborative,Mixed methods; practical focus,Reflective analysis; outcome measurement; stakeholder feedback,Participant practitioners; voluntary engagement; reflective group,Improves practice; collaborative; participatory; ethical,Generalization; researcher bias; power dynamics,Organizational improvement; professional development; practice-based,Collaboration platforms; documentation tools; coding software
M011,Phenomenology,Exploration of lived experience and meaning,Interpretive; participant-centered; existential,Qualitative; interviews; observations; lived accounts,Phenomenological analysis; essence identification; theme extraction,Small purposive sample; lived experience requirement,Understand meaning; human experience; lived reality,Requires philosophical engagement; intensive interpretation,Understanding experience; meaning-making; individual perspectives,Qualitative software; interview tools; transcription services
M012,Discourse Analysis,Examination of language and communication patterns,Textual analysis; interpretive; social constructionist,Textual data; communication artifacts; social texts,Content analysis; linguistic analysis; social interpretation,Documents or communication samples; no sample size rules,Reveals power; social construction; language patterns,Interpretation variability; context-dependent; labor-intensive,Language patterns; power dynamics; social meaning,Qualitative software; text analysis tools; annotation tools
M013,Systematic Review,Structured analysis and synthesis of existing research,Transparent; comprehensive; reproducible protocol,Existing research studies; literature-based,Meta-analysis or narrative synthesis; statistical integration,Literature inclusion/exclusion criteria; protocol registration,Evidence synthesis; comprehensive; high credibility,Labor-intensive; quality variability in sources; bias potential,Evidence synthesis; clinical guidelines; research gaps,Covidence; RevMan; Mendeley; extraction tools
M014,Survey Research,Collection of data through questionnaires,Structured; standardized instruments; quantitative design,Questionnaire responses; structured data,Descriptive statistics; inferential statistics; pattern analysis,Large representative samples; sampling frames; response rates,Efficient data collection; standardized measures; large samples,Response bias; shallow data; question wording effects,Broad patterns; population estimates; prevalence,Survey platforms; statistical software; data analysis tools
M015,Evaluation Research,Assessment of program effectiveness and outcomes,Purpose-driven; outcome-focused; utilization-centered,Mixed methods typically; outcome measurement,Outcome analysis; comparison to goals; impact assessment,Program participants; outcome measures; comparison groups,Practical utility; answers real questions; evidence-based,Complexity; confounding variables; stakeholder management,Program evaluation; impact assessment; quality improvement,Evaluation software; survey tools; statistical software
